﻿Gender,GivenName,Surname,DisplayName,SAM,UPN,TelephoneNumber,City,Company,Birthday,Age,Department,IsManager,IsAdministrative,Password,Path
female,Veta,Makela,Veta Makela,VetaM,VetaMakela@smartcore.com,,Tel-Aviv,SmartCore Corp.,16/11/1993,27,Sales,,,Pa55w.rd,"OU=Sales,OU=Tel-Aviv,DC=smartcore,DC=Com"
male,Richard,Harding,Richard Harding,RichardH,RichardHarding@smartcore.com,,Tel-Aviv,SmartCore Corp.,05/06/1990,31,Sales,,,Pa55w.rd,"OU=Sales,OU=Tel-Aviv,DC=smartcore,DC=Com"
male,Henry,Madrigal,Henry Madrigal,HenryM,HenryMadrigal@smartcore.com,,Tel-Aviv,SmartCore Corp.,10/06/1983,38,Sales,V,,Pa55w.rd,"OU=Sales,OU=Tel-Aviv,DC=smartcore,DC=Com"
male,Hubert,Bennett,Hubert Bennett,HubertB,HubertBennett@smartcore.com,,Tel-Aviv,SmartCore Corp.,29/06/1996,25,Sales,,V,Pa55w.rd,"OU=Sales,OU=Tel-Aviv,DC=smartcore,DC=Com"
male,Benjamin,Myers,Benjamin Myers,BenjaminM,BenjaminMyers@smartcore.com,,Tel-Aviv,SmartCore Corp.,09/12/1988,32,Sales,,,Pa55w.rd,"OU=Sales,OU=Tel-Aviv,DC=smartcore,DC=Com"
male,David,Condrey,David Condrey,DavidC,DavidCondrey@smartcore.com,,Tel-Aviv,SmartCore Corp.,08/11/1986,34,Sales,,,Pa55w.rd,"OU=Sales,OU=Tel-Aviv,DC=smartcore,DC=Com"
male,Gary,Sims,Gary Sims,GaryS,GarySims@smartcore.com,,Tel-Aviv,SmartCore Corp.,01/08/1991,30,Sales,,,Pa55w.rd,"OU=Sales,OU=Tel-Aviv,DC=smartcore,DC=Com"
female,Laura,Fox,Laura Fox,LauraF,LauraFox@smartcore.com,,Tel-Aviv,SmartCore Corp.,10/11/1999,21,Sales,,,Pa55w.rd,"OU=Sales,OU=Tel-Aviv,DC=smartcore,DC=Com"
female,Kathryn,Anderson,Kathryn Anderson,KathrynA,KathrynAnderson@smartcore.com,,Tel-Aviv,SmartCore Corp.,11/07/1982,39,Sales,,,Pa55w.rd,"OU=Sales,OU=Tel-Aviv,DC=smartcore,DC=Com"
female,Marie,Wayman,Marie Wayman,MarieW,MarieWayman@smartcore.com,,Tel-Aviv,SmartCore Corp.,17/04/1999,22,Sales,,,Pa55w.rd,"OU=Sales,OU=Tel-Aviv,DC=smartcore,DC=Com"
male,James,Roberts,James Roberts,JamesR,JamesRoberts@smartcore.com,,Tel-Aviv,SmartCore Corp.,17/10/1998,23,Sales,,,Pa55w.rd,"OU=Sales,OU=Tel-Aviv,DC=smartcore,DC=Com"
female,Wanda,Hines,Wanda Hines,WandaH,WandaHines@smartcore.com,,Tel-Aviv,SmartCore Corp.,04/03/1983,38,Sales,,,Pa55w.rd,"OU=Sales,OU=Tel-Aviv,DC=smartcore,DC=Com"
female,Elsie,Powers,Elsie Powers,ElsieP,ElsiePowers@smartcore.com,,Tel-Aviv,SmartCore Corp.,13/12/1991,29,Sales,,,Pa55w.rd,"OU=Sales,OU=Tel-Aviv,DC=smartcore,DC=Com"
male,James,Merida,James Merida,JamesM,JamesMerida@smartcore.com,,Tel-Aviv,SmartCore Corp.,29/11/1994,26,Sales,,,Pa55w.rd,"OU=Sales,OU=Tel-Aviv,DC=smartcore,DC=Com"
male,Gerald,Wear,Gerald Wear,GeraldW,GeraldWear@smartcore.com,,Tel-Aviv,SmartCore Corp.,26/06/1985,36,Sales,,,Pa55w.rd,"OU=Sales,OU=Tel-Aviv,DC=smartcore,DC=Com"
female,Pam,Hernandez,Pam Hernandez,PamH,PamHernandez@smartcore.com,,Tel-Aviv,SmartCore Corp.,16/07/1988,33,Sales,,,Pa55w.rd,"OU=Sales,OU=Tel-Aviv,DC=smartcore,DC=Com"
female,Lori,Poythress,Lori Poythress,LoriP,LoriPoythress@smartcore.com,,Tel-Aviv,SmartCore Corp.,29/03/1993,28,Sales,,,Pa55w.rd,"OU=Sales,OU=Tel-Aviv,DC=smartcore,DC=Com"
female,Estelle,Poole,Estelle Poole,EstelleP,EstellePoole@smartcore.com,,Tel-Aviv,SmartCore Corp.,15/11/1990,30,Sales,,,Pa55w.rd,"OU=Sales,OU=Tel-Aviv,DC=smartcore,DC=Com"
male,Darryl,Lee,Darryl Lee,DarrylL,DarrylLee@smartcore.com,,Tel-Aviv,SmartCore Corp.,19/10/1991,30,Sales,,,Pa55w.rd,"OU=Sales,OU=Tel-Aviv,DC=smartcore,DC=Com"
male,Scott,Harlow,Scott Harlow,ScottH,ScottHarlow@smartcore.com,,Tel-Aviv,SmartCore Corp.,02/11/1987,34,Sales,,,Pa55w.rd,"OU=Sales,OU=Tel-Aviv,DC=smartcore,DC=Com"
male,Emerson,Campos,Emerson Campos,EmersonC,EmersonCampos@smartcore.com,,Tel-Aviv,SmartCore Corp.,11/09/1993,28,Sales,,,Pa55w.rd,"OU=Sales,OU=Tel-Aviv,DC=smartcore,DC=Com"
male,William,Worley,William Worley,WilliamW,WilliamWorley@smartcore.com,,Tel-Aviv,SmartCore Corp.,23/09/1998,23,Sales,,,Pa55w.rd,"OU=Sales,OU=Tel-Aviv,DC=smartcore,DC=Com"
male,Erich,Rutledge,Erich Rutledge,ErichR,ErichRutledge@smartcore.com,,Tel-Aviv,SmartCore Corp.,23/10/1993,28,Sales,,,Pa55w.rd,"OU=Sales,OU=Tel-Aviv,DC=smartcore,DC=Com"
female,Barbra,Davila,Barbra Davila,BarbraD,BarbraDavila@smartcore.com,,Tel-Aviv,SmartCore Corp.,20/12/1998,22,Sales,,,Pa55w.rd,"OU=Sales,OU=Tel-Aviv,DC=smartcore,DC=Com"
male,Ernest,Grimm,Ernest Grimm,ErnestG,ErnestGrimm@smartcore.com,,Tel-Aviv,SmartCore Corp.,22/10/1983,38,Sales,,,Pa55w.rd,"OU=Sales,OU=Tel-Aviv,DC=smartcore,DC=Com"
female,Nancie,Nichols,Nancie Nichols,NancieN,NancieNichols@smartcore.com,,Tel-Aviv,SmartCore Corp.,19/02/1993,28,Management,,,Pa55w.rd,"OU=Management,OU=Tel-Aviv,DC=smartcore,DC=Com"
male,Wilson,Richmond,Wilson Richmond,WilsonR,WilsonRichmond@smartcore.com,,Tel-Aviv,SmartCore Corp.,12/02/1998,23,Management,,,Pa55w.rd,"OU=Management,OU=Tel-Aviv,DC=smartcore,DC=Com"
male,Reed,Prevost,Reed Prevost,ReedP,ReedPrevost@smartcore.com,,Tel-Aviv,SmartCore Corp.,09/12/1993,27,Management,V,,Pa55w.rd,"OU=Management,OU=Tel-Aviv,DC=smartcore,DC=Com"
male,James,Reimer,James Reimer,JamesR,JamesReimer@smartcore.com,,Tel-Aviv,SmartCore Corp.,29/06/1999,22,Management,,V,Pa55w.rd,"OU=Management,OU=Tel-Aviv,DC=smartcore,DC=Com"
female,Alda,Johnson,Alda Johnson,AldaJ,AldaJohnson@smartcore.com,,Tel-Aviv,SmartCore Corp.,27/06/1986,35,Management,,,Pa55w.rd,"OU=Management,OU=Tel-Aviv,DC=smartcore,DC=Com"
male,Allen,Ewing,Allen Ewing,AllenE,AllenEwing@smartcore.com,,Tel-Aviv,SmartCore Corp.,15/02/1999,22,Management,,,Pa55w.rd,"OU=Management,OU=Tel-Aviv,DC=smartcore,DC=Com"
male,Christopher,Merriweather,Christopher Merriweather,ChristopherM,ChristopherMerriweather@smartcore.com,,Tel-Aviv,SmartCore Corp.,09/12/1989,31,Management,,,Pa55w.rd,"OU=Management,OU=Tel-Aviv,DC=smartcore,DC=Com"
female,Pearline,Kirkpatrick,Pearline Kirkpatrick,PearlineK,PearlineKirkpatrick@smartcore.com,,Tel-Aviv,SmartCore Corp.,23/03/1982,39,Management,,,Pa55w.rd,"OU=Management,OU=Tel-Aviv,DC=smartcore,DC=Com"
male,Paul,Shea,Paul Shea,PaulS,PaulShea@smartcore.com,,Tel-Aviv,SmartCore Corp.,29/05/1992,29,Management,,,Pa55w.rd,"OU=Management,OU=Tel-Aviv,DC=smartcore,DC=Com"
male,Robert,Coggins,Robert Coggins,RobertC,RobertCoggins@smartcore.com,,Tel-Aviv,SmartCore Corp.,08/06/1982,39,Management,,,Pa55w.rd,"OU=Management,OU=Tel-Aviv,DC=smartcore,DC=Com"
female,Serita,Brundage,Serita Brundage,SeritaB,SeritaBrundage@smartcore.com,,Tel-Aviv,SmartCore Corp.,22/08/1997,24,Management,,,Pa55w.rd,"OU=Management,OU=Tel-Aviv,DC=smartcore,DC=Com"
male,Frank,Linquist,Frank Linquist,FrankL,FrankLinquist@smartcore.com,,Tel-Aviv,SmartCore Corp.,08/01/1998,23,Management,,,Pa55w.rd,"OU=Management,OU=Tel-Aviv,DC=smartcore,DC=Com"
female,Rebecca,Payne,Rebecca Payne,RebeccaP,RebeccaPayne@smartcore.com,,Tel-Aviv,SmartCore Corp.,11/01/1997,24,Management,,,Pa55w.rd,"OU=Management,OU=Tel-Aviv,DC=smartcore,DC=Com"
male,Joseph,Lessard,Joseph Lessard,JosephL,JosephLessard@smartcore.com,,Tel-Aviv,SmartCore Corp.,06/12/1998,22,Management,,,Pa55w.rd,"OU=Management,OU=Tel-Aviv,DC=smartcore,DC=Com"
male,James,Rowell,James Rowell,JamesR,JamesRowell@smartcore.com,,Tel-Aviv,SmartCore Corp.,18/05/1986,35,Management,,,Pa55w.rd,"OU=Management,OU=Tel-Aviv,DC=smartcore,DC=Com"
male,Ernest,Donaldson,Ernest Donaldson,ErnestD,ErnestDonaldson@smartcore.com,,Tel-Aviv,SmartCore Corp.,07/03/1994,27,Management,,,Pa55w.rd,"OU=Management,OU=Tel-Aviv,DC=smartcore,DC=Com"
male,John,Triggs,John Triggs,JohnT,JohnTriggs@smartcore.com,,Tel-Aviv,SmartCore Corp.,10/01/1992,29,Management,,,Pa55w.rd,"OU=Management,OU=Tel-Aviv,DC=smartcore,DC=Com"
female,Vicky,Cornelius,Vicky Cornelius,VickyC,VickyCornelius@smartcore.com,,Tel-Aviv,SmartCore Corp.,13/02/1990,31,Management,,,Pa55w.rd,"OU=Management,OU=Tel-Aviv,DC=smartcore,DC=Com"
female,Janetta,Harris,Janetta Harris,JanettaH,JanettaHarris@smartcore.com,,Tel-Aviv,SmartCore Corp.,30/06/1984,37,Management,,,Pa55w.rd,"OU=Management,OU=Tel-Aviv,DC=smartcore,DC=Com"
male,Adam,Taylor,Adam Taylor,AdamT,AdamTaylor@smartcore.com,,Tel-Aviv,SmartCore Corp.,25/01/1992,29,Management,,,Pa55w.rd,"OU=Management,OU=Tel-Aviv,DC=smartcore,DC=Com"
female,Margaret,Price,Margaret Price,MargaretP,MargaretPrice@smartcore.com,,Tel-Aviv,SmartCore Corp.,22/02/1988,33,Management,,,Pa55w.rd,"OU=Management,OU=Tel-Aviv,DC=smartcore,DC=Com"
female,Elizabeth,King,Elizabeth King,ElizabethK,ElizabethKing@smartcore.com,,Tel-Aviv,SmartCore Corp.,10/05/1982,39,Management,,,Pa55w.rd,"OU=Management,OU=Tel-Aviv,DC=smartcore,DC=Com"
female,Diane,Ketchum,Diane Ketchum,DianeK,DianeKetchum@smartcore.com,,Tel-Aviv,SmartCore Corp.,16/11/2000,20,Management,,,Pa55w.rd,"OU=Management,OU=Tel-Aviv,DC=smartcore,DC=Com"
male,Jerry,Forshee,Jerry Forshee,JerryF,JerryForshee@smartcore.com,,Tel-Aviv,SmartCore Corp.,14/02/1995,26,Management,,,Pa55w.rd,"OU=Management,OU=Tel-Aviv,DC=smartcore,DC=Com"
female,Michelle,Webster,Michelle Webster,MichelleW,MichelleWebster@smartcore.com,,Tel-Aviv,SmartCore Corp.,03/09/1998,23,Management,,,Pa55w.rd,"OU=Management,OU=Tel-Aviv,DC=smartcore,DC=Com"
female,Kathryn,Tawney,Kathryn Tawney,KathrynT,KathrynTawney@smartcore.com,,New-York,SmartCore Corp.,04/10/1986,35,Manufacturing,,,Pa55w.rd,"OU=Manufacturing,OU=New-York,DC=smartcore,DC=Com"
male,William,Carrier,William Carrier,WilliamC,WilliamCarrier@smartcore.com,,New-York,SmartCore Corp.,15/10/1991,30,Manufacturing,V,,Pa55w.rd,"OU=Manufacturing,OU=New-York,DC=smartcore,DC=Com"
male,Keith,McCann,Keith McCann,KeithM,KeithMcCann@smartcore.com,,New-York,SmartCore Corp.,28/12/1989,31,Manufacturing,,,Pa55w.rd,"OU=Manufacturing,OU=New-York,DC=smartcore,DC=Com"
male,Gary,Howard,Gary Howard,GaryH,GaryHoward@smartcore.com,,New-York,SmartCore Corp.,01/06/1995,26,Manufacturing,,,Pa55w.rd,"OU=Manufacturing,OU=New-York,DC=smartcore,DC=Com"
male,Gregory,Williams,Gregory Williams,GregoryW,GregoryWilliams@smartcore.com,,New-York,SmartCore Corp.,16/02/1982,39,Manufacturing,,,Pa55w.rd,"OU=Manufacturing,OU=New-York,DC=smartcore,DC=Com"
male,Edward,Born,Edward Born,EdwardB,EdwardBorn@smartcore.com,,New-York,SmartCore Corp.,09/07/2000,21,Manufacturing,,,Pa55w.rd,"OU=Manufacturing,OU=New-York,DC=smartcore,DC=Com"
male,Byron,Martin,Byron Martin,ByronM,ByronMartin@smartcore.com,,New-York,SmartCore Corp.,07/12/1992,28,Manufacturing,,V,Pa55w.rd,"OU=Manufacturing,OU=New-York,DC=smartcore,DC=Com"
male,Michael,Nash,Michael Nash,MichaelN,MichaelNash@smartcore.com,,New-York,SmartCore Corp.,20/04/2000,21,Manufacturing,,,Pa55w.rd,"OU=Manufacturing,OU=New-York,DC=smartcore,DC=Com"
male,Stephen,Jones,Stephen Jones,StephenJ,StephenJones@smartcore.com,,New-York,SmartCore Corp.,22/06/1988,33,Manufacturing,,,Pa55w.rd,"OU=Manufacturing,OU=New-York,DC=smartcore,DC=Com"
male,Christopher,Price,Christopher Price,ChristopherP,ChristopherPrice@smartcore.com,,New-York,SmartCore Corp.,30/11/1984,36,Manufacturing,,,Pa55w.rd,"OU=Manufacturing,OU=New-York,DC=smartcore,DC=Com"
male,Ray,Concepcion,Ray Concepcion,RayC,RayConcepcion@smartcore.com,,New-York,SmartCore Corp.,11/11/1997,23,Manufacturing,,,Pa55w.rd,"OU=Manufacturing,OU=New-York,DC=smartcore,DC=Com"
female,Deborah,Thompson,Deborah Thompson,DeborahT,DeborahThompson@smartcore.com,,New-York,SmartCore Corp.,25/11/1996,24,Manufacturing,,,Pa55w.rd,"OU=Manufacturing,OU=New-York,DC=smartcore,DC=Com"
male,Ronald,Acosta,Ronald Acosta,RonaldA,RonaldAcosta@smartcore.com,,New-York,SmartCore Corp.,06/08/1998,23,Manufacturing,,,Pa55w.rd,"OU=Manufacturing,OU=New-York,DC=smartcore,DC=Com"
female,Myrtle,Estrada,Myrtle Estrada,MyrtleE,MyrtleEstrada@smartcore.com,,New-York,SmartCore Corp.,17/12/1999,21,Manufacturing,,,Pa55w.rd,"OU=Manufacturing,OU=New-York,DC=smartcore,DC=Com"
male,Roger,Williamson,Roger Williamson,RogerW,RogerWilliamson@smartcore.com,,New-York,SmartCore Corp.,13/12/1998,22,Manufacturing,,,Pa55w.rd,"OU=Manufacturing,OU=New-York,DC=smartcore,DC=Com"
female,Lynne,Muller,Lynne Muller,LynneM,LynneMuller@smartcore.com,,New-York,SmartCore Corp.,13/01/1998,23,Manufacturing,,,Pa55w.rd,"OU=Manufacturing,OU=New-York,DC=smartcore,DC=Com"
female,Gregory,Noble,Gregory Noble,GregoryN,GregoryNoble@smartcore.com,,New-York,SmartCore Corp.,01/11/1996,25,Manufacturing,,,Pa55w.rd,"OU=Manufacturing,OU=New-York,DC=smartcore,DC=Com"
male,Dennis,Clark,Dennis Clark,DennisC,DennisClark@smartcore.com,,New-York,SmartCore Corp.,21/12/1989,31,Manufacturing,,,Pa55w.rd,"OU=Manufacturing,OU=New-York,DC=smartcore,DC=Com"
male,James,Bowen,James Bowen,JamesB,JamesBowen@smartcore.com,,New-York,SmartCore Corp.,11/07/1995,26,Manufacturing,,,Pa55w.rd,"OU=Manufacturing,OU=New-York,DC=smartcore,DC=Com"
female,Shirley,Forrest,Shirley Forrest,ShirleyF,ShirleyForrest@smartcore.com,,New-York,SmartCore Corp.,24/05/1992,29,Manufacturing,,,Pa55w.rd,"OU=Manufacturing,OU=New-York,DC=smartcore,DC=Com"
female,Monica,Reed,Monica Reed,MonicaR,MonicaReed@smartcore.com,,New-York,SmartCore Corp.,29/07/1996,25,Manufacturing,,,Pa55w.rd,"OU=Manufacturing,OU=New-York,DC=smartcore,DC=Com"
female,Christine,Wiseman,Christine Wiseman,ChristineW,ChristineWiseman@smartcore.com,,New-York,SmartCore Corp.,14/09/1991,30,Manufacturing,,,Pa55w.rd,"OU=Manufacturing,OU=New-York,DC=smartcore,DC=Com"
female,Tracy,Culley,Tracy Culley,TracyC,TracyCulley@smartcore.com,,New-York,SmartCore Corp.,16/07/1996,25,Manufacturing,,,Pa55w.rd,"OU=Manufacturing,OU=New-York,DC=smartcore,DC=Com"
female,Jacquelin,Morman,Jacquelin Morman,JacquelinM,JacquelinMorman@smartcore.com,,New-York,SmartCore Corp.,07/08/1992,29,Manufacturing,,,Pa55w.rd,"OU=Manufacturing,OU=New-York,DC=smartcore,DC=Com"
female,Deborah,Goodman,Deborah Goodman,DeborahG,DeborahGoodman@smartcore.com,,New-York,SmartCore Corp.,12/05/1983,38,Manufacturing,,,Pa55w.rd,"OU=Manufacturing,OU=New-York,DC=smartcore,DC=Com"
female,Arlene,York,Arlene York,ArleneY,ArleneYork@smartcore.com,,New-York,SmartCore Corp.,01/02/1989,32,Customer Service,,,Pa55w.rd,"OU=Customer Service,OU=New-York,DC=smartcore,DC=Com"
female,Linda,Mire,Linda Mire,LindaM,LindaMire@smartcore.com,,New-York,SmartCore Corp.,12/11/1996,24,Customer Service,,,Pa55w.rd,"OU=Customer Service,OU=New-York,DC=smartcore,DC=Com"
male,Joe,Herring,Joe Herring,JoeH,JoeHerring@smartcore.com,,New-York,SmartCore Corp.,16/11/1982,38,Customer Service,,,Pa55w.rd,"OU=Customer Service,OU=New-York,DC=smartcore,DC=Com"
female,Jena,Hope,Jena Hope,JenaH,JenaHope@smartcore.com,,New-York,SmartCore Corp.,21/08/1987,34,Customer Service,,,Pa55w.rd,"OU=Customer Service,OU=New-York,DC=smartcore,DC=Com"
male,Derek,Glen,Derek Glen,DerekG,DerekGlen@smartcore.com,,New-York,SmartCore Corp.,25/04/1983,38,Customer Service,,,Pa55w.rd,"OU=Customer Service,OU=New-York,DC=smartcore,DC=Com"
female,Gemma,Pollock,Gemma Pollock,GemmaP,GemmaPollock@smartcore.com,,New-York,SmartCore Corp.,06/07/1994,27,Customer Service,,,Pa55w.rd,"OU=Customer Service,OU=New-York,DC=smartcore,DC=Com"
female,Tanya,Morton,Tanya Morton,TanyaM,TanyaMorton@smartcore.com,,New-York,SmartCore Corp.,19/10/1994,27,Customer Service,V,,Pa55w.rd,"OU=Customer Service,OU=New-York,DC=smartcore,DC=Com"
male,Adam,Richardson,Adam Richardson,AdamR,AdamRichardson@smartcore.com,,New-York,SmartCore Corp.,23/03/2000,21,Customer Service,,V,Pa55w.rd,"OU=Customer Service,OU=New-York,DC=smartcore,DC=Com"
male,August,Castillo,August Castillo,AugustC,AugustCastillo@smartcore.com,,New-York,SmartCore Corp.,18/05/1995,26,Customer Service,,,Pa55w.rd,"OU=Customer Service,OU=New-York,DC=smartcore,DC=Com"
male,Ronald,Stultz,Ronald Stultz,RonaldS,RonaldStultz@smartcore.com,,New-York,SmartCore Corp.,03/08/1998,23,Customer Service,,,Pa55w.rd,"OU=Customer Service,OU=New-York,DC=smartcore,DC=Com"
male,Craig,Gurule,Craig Gurule,CraigG,CraigGurule@smartcore.com,,New-York,SmartCore Corp.,08/07/1990,31,Customer Service,,,Pa55w.rd,"OU=Customer Service,OU=New-York,DC=smartcore,DC=Com"
female,Cindy,Murphy,Cindy Murphy,CindyM,CindyMurphy@smartcore.com,,New-York,SmartCore Corp.,21/01/1998,23,Customer Service,,,Pa55w.rd,"OU=Customer Service,OU=New-York,DC=smartcore,DC=Com"
female,Claudette,Tucker,Claudette Tucker,ClaudetteT,ClaudetteTucker@smartcore.com,,New-York,SmartCore Corp.,21/02/1992,29,Customer Service,,,Pa55w.rd,"OU=Customer Service,OU=New-York,DC=smartcore,DC=Com"
male,George,Shockley,George Shockley,GeorgeS,GeorgeShockley@smartcore.com,,New-York,SmartCore Corp.,27/07/1995,26,Customer Service,,,Pa55w.rd,"OU=Customer Service,OU=New-York,DC=smartcore,DC=Com"
female,Candice,Hayter,Candice Hayter,CandiceH,CandiceHayter@smartcore.com,,New-York,SmartCore Corp.,05/03/1990,31,Customer Service,,,Pa55w.rd,"OU=Customer Service,OU=New-York,DC=smartcore,DC=Com"
female,Kathleen,Padillo,Kathleen Padillo,KathleenP,KathleenPadillo@smartcore.com,,New-York,SmartCore Corp.,02/12/1985,35,Customer Service,,,Pa55w.rd,"OU=Customer Service,OU=New-York,DC=smartcore,DC=Com"
male,Clarence,Wampler,Clarence Wampler,ClarenceW,ClarenceWampler@smartcore.com,,New-York,SmartCore Corp.,28/10/1991,30,Customer Service,,,Pa55w.rd,"OU=Customer Service,OU=New-York,DC=smartcore,DC=Com"
male,Maurice,Patton,Maurice Patton,MauriceP,MauricePatton@smartcore.com,,New-York,SmartCore Corp.,07/01/1982,39,Customer Service,,,Pa55w.rd,"OU=Customer Service,OU=New-York,DC=smartcore,DC=Com"
female,Bonnie,Harner,Bonnie Harner,BonnieH,BonnieHarner@smartcore.com,,New-York,SmartCore Corp.,29/01/1985,36,Customer Service,,,Pa55w.rd,"OU=Customer Service,OU=New-York,DC=smartcore,DC=Com"
male,Matthew,Breese,Matthew Breese,MatthewB,MatthewBreese@smartcore.com,,New-York,SmartCore Corp.,07/12/1989,31,Customer Service,,,Pa55w.rd,"OU=Customer Service,OU=New-York,DC=smartcore,DC=Com"
male,Mark,Dixon,Mark Dixon,MarkD,MarkDixon@smartcore.com,,New-York,SmartCore Corp.,29/05/1993,28,Customer Service,,,Pa55w.rd,"OU=Customer Service,OU=New-York,DC=smartcore,DC=Com"
female,Stacey,Nivens,Stacey Nivens,StaceyN,StaceyNivens@smartcore.com,,New-York,SmartCore Corp.,27/07/1998,23,Customer Service,,,Pa55w.rd,"OU=Customer Service,OU=New-York,DC=smartcore,DC=Com"
female,Barbara,Lemmon,Barbara Lemmon,BarbaraL,BarbaraLemmon@smartcore.com,,New-York,SmartCore Corp.,24/11/1989,31,Customer Service,,,Pa55w.rd,"OU=Customer Service,OU=New-York,DC=smartcore,DC=Com"
male,Mark,Jepsen,Mark Jepsen,MarkJ,MarkJepsen@smartcore.com,,New-York,SmartCore Corp.,18/11/1997,23,Customer Service,,,Pa55w.rd,"OU=Customer Service,OU=New-York,DC=smartcore,DC=Com"
female,Cynthia,Jackson,Cynthia Jackson,CynthiaJ,CynthiaJackson@smartcore.com,,New-York,SmartCore Corp.,17/08/1985,36,Customer Service,,,Pa55w.rd,"OU=Customer Service,OU=New-York,DC=smartcore,DC=Com"
female,Shay,Leonard,Shay Leonard,ShayL,ShayLeonard@smartcore.com,,Tel-Aviv,SmartCore Corp.,01/11/1984,37,Finance,,,Pa55w.rd,"OU=Finance,OU=Tel-Aviv,DC=smartcore,DC=Com"
female,Annie,Scheffer,Annie Scheffer,AnnieS,AnnieScheffer@smartcore.com,,Tel-Aviv,SmartCore Corp.,26/06/1986,35,Finance,,,Pa55w.rd,"OU=Finance,OU=Tel-Aviv,DC=smartcore,DC=Com"
male,Ronald,Ammons,Ronald Ammons,RonaldA,RonaldAmmons@smartcore.com,,Tel-Aviv,SmartCore Corp.,12/07/1988,33,Finance,,,Pa55w.rd,"OU=Finance,OU=Tel-Aviv,DC=smartcore,DC=Com"
male,Richard,Bragg,Richard Bragg,RichardB,RichardBragg@smartcore.com,,Tel-Aviv,SmartCore Corp.,29/01/1985,36,Finance,,,Pa55w.rd,"OU=Finance,OU=Tel-Aviv,DC=smartcore,DC=Com"
female,Susan,Thacker,Susan Thacker,SusanT,SusanThacker@smartcore.com,,Tel-Aviv,SmartCore Corp.,16/01/1990,31,Finance,,,Pa55w.rd,"OU=Finance,OU=Tel-Aviv,DC=smartcore,DC=Com"
female,Heather,Garcia,Heather Garcia,HeatherG,HeatherGarcia@smartcore.com,,Tel-Aviv,SmartCore Corp.,23/09/1986,35,Finance,,,Pa55w.rd,"OU=Finance,OU=Tel-Aviv,DC=smartcore,DC=Com"
male,Steven,Palmer,Steven Palmer,StevenP,StevenPalmer@smartcore.com,,Tel-Aviv,SmartCore Corp.,29/09/1997,24,Finance,,,Pa55w.rd,"OU=Finance,OU=Tel-Aviv,DC=smartcore,DC=Com"
male,Patrick,Sims,Patrick Sims,PatrickS,PatrickSims@smartcore.com,,Tel-Aviv,SmartCore Corp.,02/03/1997,24,Finance,,,Pa55w.rd,"OU=Finance,OU=Tel-Aviv,DC=smartcore,DC=Com"
male,Robert,Butts,Robert Butts,RobertB,RobertButts@smartcore.com,,Tel-Aviv,SmartCore Corp.,14/10/1992,29,Finance,,,Pa55w.rd,"OU=Finance,OU=Tel-Aviv,DC=smartcore,DC=Com"
male,Sammy,Marsh,Sammy Marsh,SammyM,SammyMarsh@smartcore.com,,Tel-Aviv,SmartCore Corp.,24/07/1994,27,Finance,,,Pa55w.rd,"OU=Finance,OU=Tel-Aviv,DC=smartcore,DC=Com"
male,Willie,Steelman,Willie Steelman,WillieS,WillieSteelman@smartcore.com,,Tel-Aviv,SmartCore Corp.,08/07/2000,21,Finance,,V,Pa55w.rd,"OU=Finance,OU=Tel-Aviv,DC=smartcore,DC=Com"
male,Stephen,Hackman,Stephen Hackman,StephenH,StephenHackman@smartcore.com,,Tel-Aviv,SmartCore Corp.,09/09/1996,25,Finance,V,,Pa55w.rd,"OU=Finance,OU=Tel-Aviv,DC=smartcore,DC=Com"
female,Frances,Parker,Frances Parker,FrancesP,FrancesParker@smartcore.com,,Tel-Aviv,SmartCore Corp.,20/07/1993,28,Finance,,,Pa55w.rd,"OU=Finance,OU=Tel-Aviv,DC=smartcore,DC=Com"
male,Russell,Knox,Russell Knox,RussellK,RussellKnox@smartcore.com,,Tel-Aviv,SmartCore Corp.,21/02/1992,29,Finance,,,Pa55w.rd,"OU=Finance,OU=Tel-Aviv,DC=smartcore,DC=Com"
male,Lyndon,Garner,Lyndon Garner,LyndonG,LyndonGarner@smartcore.com,,Tel-Aviv,SmartCore Corp.,22/06/1986,35,Finance,,,Pa55w.rd,"OU=Finance,OU=Tel-Aviv,DC=smartcore,DC=Com"
male,Buford,Beatty,Buford Beatty,BufordB,BufordBeatty@smartcore.com,,Tel-Aviv,SmartCore Corp.,28/02/1988,33,Finance,,,Pa55w.rd,"OU=Finance,OU=Tel-Aviv,DC=smartcore,DC=Com"
male,James,Jackson,James Jackson,JamesJ,JamesJackson@smartcore.com,,Tel-Aviv,SmartCore Corp.,06/05/1986,35,Finance,,,Pa55w.rd,"OU=Finance,OU=Tel-Aviv,DC=smartcore,DC=Com"
male,Robert,Salcedo,Robert Salcedo,RobertS,RobertSalcedo@smartcore.com,,Tel-Aviv,SmartCore Corp.,20/05/1995,26,Finance,,,Pa55w.rd,"OU=Finance,OU=Tel-Aviv,DC=smartcore,DC=Com"
male,Dustin,Vanhoose,Dustin Vanhoose,DustinV,DustinVanhoose@smartcore.com,,Tel-Aviv,SmartCore Corp.,22/04/1999,22,Finance,,,Pa55w.rd,"OU=Finance,OU=Tel-Aviv,DC=smartcore,DC=Com"
male,Jonathan,Gleason,Jonathan Gleason,JonathanG,JonathanGleason@smartcore.com,,Tel-Aviv,SmartCore Corp.,30/2/1998,#VALUE!,Finance,,,Pa55w.rd,"OU=Finance,OU=Tel-Aviv,DC=smartcore,DC=Com"
female,Cynthia,Dangerfield,Cynthia Dangerfield,CynthiaD,CynthiaDangerfield@smartcore.com,,Tel-Aviv,SmartCore Corp.,05/01/1994,27,Finance,,,Pa55w.rd,"OU=Finance,OU=Tel-Aviv,DC=smartcore,DC=Com"
male,Brian,Brown,Brian Brown,BrianB,BrianBrown@smartcore.com,,Tel-Aviv,SmartCore Corp.,18/10/1999,22,Finance,,,Pa55w.rd,"OU=Finance,OU=Tel-Aviv,DC=smartcore,DC=Com"
male,Michael,Kent,Michael Kent,MichaelK,MichaelKent@smartcore.com,,Tel-Aviv,SmartCore Corp.,24/07/1986,35,Finance,,,Pa55w.rd,"OU=Finance,OU=Tel-Aviv,DC=smartcore,DC=Com"
male,Bryon,Laughlin,Bryon Laughlin,BryonL,BryonLaughlin@smartcore.com,,Tel-Aviv,SmartCore Corp.,17/09/1992,29,Finance,,,Pa55w.rd,"OU=Finance,OU=Tel-Aviv,DC=smartcore,DC=Com"
male,Jerry,Howard,Jerry Howard,JerryH,JerryHoward@smartcore.com,,Tel-Aviv,SmartCore Corp.,01/12/1986,34,Finance,,,Pa55w.rd,"OU=Finance,OU=Tel-Aviv,DC=smartcore,DC=Com"
male,Kenneth,Harris,Kenneth Harris,KennethH,KennethHarris@smartcore.com,,Tel-Aviv,SmartCore Corp.,09/08/1983,38,Accounting,,,Pa55w.rd,"OU=Accounting,OU=Tel-Aviv,DC=smartcore,DC=Com"
female,Kathy,Culver,Kathy Culver,KathyC,KathyCulver@smartcore.com,,Tel-Aviv,SmartCore Corp.,11/06/1982,39,Accounting,,,Pa55w.rd,"OU=Accounting,OU=Tel-Aviv,DC=smartcore,DC=Com"
female,Elizabeth,Troutman,Elizabeth Troutman,ElizabethT,ElizabethTroutman@smartcore.com,,Tel-Aviv,SmartCore Corp.,15/02/1989,32,Accounting,,,Pa55w.rd,"OU=Accounting,OU=Tel-Aviv,DC=smartcore,DC=Com"
male,David,Delong,David Delong,DavidD,DavidDelong@smartcore.com,,Tel-Aviv,SmartCore Corp.,10/04/1983,38,Accounting,,,Pa55w.rd,"OU=Accounting,OU=Tel-Aviv,DC=smartcore,DC=Com"
female,Lauri,Lynch,Lauri Lynch,LauriL,LauriLynch@smartcore.com,,Tel-Aviv,SmartCore Corp.,01/03/1990,31,Accounting,,,Pa55w.rd,"OU=Accounting,OU=Tel-Aviv,DC=smartcore,DC=Com"
female,Marilyn,Papenfuss,Marilyn Papenfuss,MarilynP,MarilynPapenfuss@smartcore.com,,Tel-Aviv,SmartCore Corp.,27/01/1985,36,Accounting,,,Pa55w.rd,"OU=Accounting,OU=Tel-Aviv,DC=smartcore,DC=Com"
male,Timothy,Norfleet,Timothy Norfleet,TimothyN,TimothyNorfleet@smartcore.com,,Tel-Aviv,SmartCore Corp.,03/12/1986,34,Accounting,,,Pa55w.rd,"OU=Accounting,OU=Tel-Aviv,DC=smartcore,DC=Com"
female,Catherine,Steward,Catherine Steward,CatherineS,CatherineSteward@smartcore.com,,Tel-Aviv,SmartCore Corp.,09/12/1995,25,Accounting,,,Pa55w.rd,"OU=Accounting,OU=Tel-Aviv,DC=smartcore,DC=Com"
female,Karina,Brown,Karina Brown,KarinaB,KarinaBrown@smartcore.com,,Tel-Aviv,SmartCore Corp.,15/10/1997,24,Accounting,,,Pa55w.rd,"OU=Accounting,OU=Tel-Aviv,DC=smartcore,DC=Com"
male,Andrew,Delgado,Andrew Delgado,AndrewD,AndrewDelgado@smartcore.com,,Tel-Aviv,SmartCore Corp.,17/09/1988,33,Accounting,,,Pa55w.rd,"OU=Accounting,OU=Tel-Aviv,DC=smartcore,DC=Com"
female,Reiko,Butler,Reiko Butler,ReikoB,ReikoButler@smartcore.com,,Tel-Aviv,SmartCore Corp.,06/10/1994,27,Accounting,V,,Pa55w.rd,"OU=Accounting,OU=Tel-Aviv,DC=smartcore,DC=Com"
male,Adolfo,Williams,Adolfo Williams,AdolfoW,AdolfoWilliams@smartcore.com,,Tel-Aviv,SmartCore Corp.,24/08/1984,37,Accounting,,V,Pa55w.rd,"OU=Accounting,OU=Tel-Aviv,DC=smartcore,DC=Com"
female,Hannah,Kapp,Hannah Kapp,HannahK,HannahKapp@smartcore.com,,Tel-Aviv,SmartCore Corp.,12/09/1989,32,Accounting,,,Pa55w.rd,"OU=Accounting,OU=Tel-Aviv,DC=smartcore,DC=Com"
male,Marcus,Myers,Marcus Myers,MarcusM,MarcusMyers@smartcore.com,,Tel-Aviv,SmartCore Corp.,09/11/1995,25,Accounting,,,Pa55w.rd,"OU=Accounting,OU=Tel-Aviv,DC=smartcore,DC=Com"
female,Penelope,Lindsey,Penelope Lindsey,PenelopeL,PenelopeLindsey@smartcore.com,,Tel-Aviv,SmartCore Corp.,17/06/1986,35,Accounting,,,Pa55w.rd,"OU=Accounting,OU=Tel-Aviv,DC=smartcore,DC=Com"
female,Rita,Jones,Rita Jones,RitaJ,RitaJones@smartcore.com,,Tel-Aviv,SmartCore Corp.,19/06/1987,34,Accounting,,,Pa55w.rd,"OU=Accounting,OU=Tel-Aviv,DC=smartcore,DC=Com"
female,Katherine,Washington,Katherine Washington,KatherineW,KatherineWashington@smartcore.com,,Tel-Aviv,SmartCore Corp.,23/09/1992,29,Accounting,,,Pa55w.rd,"OU=Accounting,OU=Tel-Aviv,DC=smartcore,DC=Com"
male,Jeffrey,Hyde,Jeffrey Hyde,JeffreyH,JeffreyHyde@smartcore.com,,Tel-Aviv,SmartCore Corp.,20/04/1995,26,Accounting,,,Pa55w.rd,"OU=Accounting,OU=Tel-Aviv,DC=smartcore,DC=Com"
female,Denise,Craig,Denise Craig,DeniseC,DeniseCraig@smartcore.com,,Tel-Aviv,SmartCore Corp.,12/09/1986,35,Accounting,,,Pa55w.rd,"OU=Accounting,OU=Tel-Aviv,DC=smartcore,DC=Com"
female,Leona,Hardesty,Leona Hardesty,LeonaH,LeonaHardesty@smartcore.com,,Tel-Aviv,SmartCore Corp.,19/02/1990,31,Accounting,,,Pa55w.rd,"OU=Accounting,OU=Tel-Aviv,DC=smartcore,DC=Com"
male,Johnny,Shoaf,Johnny Shoaf,JohnnyS,JohnnyShoaf@smartcore.com,,Tel-Aviv,SmartCore Corp.,19/04/1991,30,Accounting,,,Pa55w.rd,"OU=Accounting,OU=Tel-Aviv,DC=smartcore,DC=Com"
female,Trisha,Meads,Trisha Meads,TrishaM,TrishaMeads@smartcore.com,,Tel-Aviv,SmartCore Corp.,08/03/1998,23,Accounting,,,Pa55w.rd,"OU=Accounting,OU=Tel-Aviv,DC=smartcore,DC=Com"
female,Leila,McCoy,Leila McCoy,LeilaM,LeilaMcCoy@smartcore.com,,Tel-Aviv,SmartCore Corp.,23/01/1986,35,Accounting,,,Pa55w.rd,"OU=Accounting,OU=Tel-Aviv,DC=smartcore,DC=Com"
male,Darren,Ryder,Darren Ryder,DarrenR,DarrenRyder@smartcore.com,,Tel-Aviv,SmartCore Corp.,29/10/1984,37,Accounting,,,Pa55w.rd,"OU=Accounting,OU=Tel-Aviv,DC=smartcore,DC=Com"
female,Olivia,Potter,Olivia Potter,OliviaP,OliviaPotter@smartcore.com,,Tel-Aviv,SmartCore Corp.,22/08/1994,27,Accounting,,,Pa55w.rd,"OU=Accounting,OU=Tel-Aviv,DC=smartcore,DC=Com"
female,Kathleen,Fisher,Kathleen Fisher,KathleenF,KathleenFisher@smartcore.com,,Tel-Aviv,SmartCore Corp.,30/12/1992,28,HelpDesk,,,Pa55w.rd,"OU=HelpDesk,OU=Tel-Aviv,DC=smartcore,DC=Com"
male,Andrew,Clark,Andrew Clark,AndrewC,AndrewClark@smartcore.com,,Tel-Aviv,SmartCore Corp.,12/12/1989,31,HelpDesk,,,Pa55w.rd,"OU=HelpDesk,OU=Tel-Aviv,DC=smartcore,DC=Com"
male,Anthony,Rockwell,Anthony Rockwell,AnthonyR,AnthonyRockwell@smartcore.com,,Tel-Aviv,SmartCore Corp.,13/10/1996,25,HelpDesk,,,Pa55w.rd,"OU=HelpDesk,OU=Tel-Aviv,DC=smartcore,DC=Com"
female,Pamela,Moore,Pamela Moore,PamelaM,PamelaMoore@smartcore.com,,Tel-Aviv,SmartCore Corp.,14/09/1996,25,HelpDesk,,,Pa55w.rd,"OU=HelpDesk,OU=Tel-Aviv,DC=smartcore,DC=Com"
male,Herbert,Ramirez,Herbert Ramirez,HerbertR,HerbertRamirez@smartcore.com,,Tel-Aviv,SmartCore Corp.,16/05/1985,36,HelpDesk,,,Pa55w.rd,"OU=HelpDesk,OU=Tel-Aviv,DC=smartcore,DC=Com"
male,Gary,Fetter,Gary Fetter,GaryF,GaryFetter@smartcore.com,,Tel-Aviv,SmartCore Corp.,03/01/1985,36,HelpDesk,,,Pa55w.rd,"OU=HelpDesk,OU=Tel-Aviv,DC=smartcore,DC=Com"
female,Lisa,Greer,Lisa Greer,LisaG,LisaGreer@smartcore.com,,Tel-Aviv,SmartCore Corp.,30/07/2000,21,HelpDesk,V,,Pa55w.rd,"OU=HelpDesk,OU=Tel-Aviv,DC=smartcore,DC=Com"
male,Elmer,Garrett,Elmer Garrett,ElmerG,ElmerGarrett@smartcore.com,,Tel-Aviv,SmartCore Corp.,10/04/1984,37,HelpDesk,,,Pa55w.rd,"OU=HelpDesk,OU=Tel-Aviv,DC=smartcore,DC=Com"
female,Becky,Moen,Becky Moen,BeckyM,BeckyMoen@smartcore.com,,Tel-Aviv,SmartCore Corp.,25/02/1990,31,HelpDesk,,,Pa55w.rd,"OU=HelpDesk,OU=Tel-Aviv,DC=smartcore,DC=Com"
female,Ellen,Higginbotham,Ellen Higginbotham,EllenH,EllenHigginbotham@smartcore.com,,Tel-Aviv,SmartCore Corp.,19/09/1990,31,HelpDesk,,,Pa55w.rd,"OU=HelpDesk,OU=Tel-Aviv,DC=smartcore,DC=Com"
